arch,seed,set,n,accuracy,roc_auc,recall_fake,specificity_real
CIFAKE-CNN,42,A,2000,0.9435,0.9859345,0.951,0.936
CIFAKE-CNN,42,gen_ADM,1000,0.472,0.46518400000000004,0.416,0.528
CIFAKE-CNN,42,gen_BigGAN,1000,0.456,0.44144,0.384,0.528
CIFAKE-CNN,42,gen_GLIDE,1000,0.515,0.536986,0.502,0.528
CIFAKE-CNN,42,gen_Midjourney,1000,0.532,0.532338,0.536,0.528
CIFAKE-CNN,42,gen_SD15,1000,0.713,0.8329579999999999,0.898,0.528
CIFAKE-CNN,42,gen_VQDM,1000,0.461,0.45664,0.394,0.528
CIFAKE-CNN,42,gen_Wukong,1000,0.715,0.8482660000000001,0.902,0.528
CIFAKE-CNN,43,A,2000,0.949,0.987313,0.959,0.939
CIFAKE-CNN,43,gen_ADM,1000,0.471,0.467092,0.424,0.518
CIFAKE-CNN,43,gen_BigGAN,1000,0.457,0.42867,0.396,0.518
CIFAKE-CNN,43,gen_GLIDE,1000,0.518,0.533366,0.518,0.518
CIFAKE-CNN,43,gen_Midjourney,1000,0.514,0.5227660000000001,0.51,0.518
CIFAKE-CNN,43,gen_SD15,1000,0.71,0.8284299999999999,0.902,0.518
CIFAKE-CNN,43,gen_VQDM,1000,0.446,0.442722,0.374,0.518
CIFAKE-CNN,43,gen_Wukong,1000,0.718,0.850122,0.918,0.518
CIFAKE-CNN,44,A,2000,0.948,0.9872835,0.956,0.94
CIFAKE-CNN,44,gen_ADM,1000,0.467,0.45896200000000004,0.38,0.554
CIFAKE-CNN,44,gen_BigGAN,1000,0.455,0.42887000000000003,0.356,0.554
CIFAKE-CNN,44,gen_GLIDE,1000,0.535,0.535968,0.516,0.554
CIFAKE-CNN,44,gen_Midjourney,1000,0.531,0.532844,0.508,0.554
CIFAKE-CNN,44,gen_SD15,1000,0.729,0.8370620000000001,0.904,0.554
CIFAKE-CNN,44,gen_VQDM,1000,0.45,0.447624,0.346,0.554
CIFAKE-CNN,44,gen_Wukong,1000,0.725,0.853642,0.896,0.554
CIFAKE-CNN,45,A,2000,0.9465,0.9881865,0.953,0.94
CIFAKE-CNN,45,gen_ADM,1000,0.46,0.46036,0.342,0.578
CIFAKE-CNN,45,gen_BigGAN,1000,0.47,0.45674400000000004,0.362,0.578
CIFAKE-CNN,45,gen_GLIDE,1000,0.527,0.533544,0.476,0.578
CIFAKE-CNN,45,gen_Midjourney,1000,0.527,0.536326,0.476,0.578
CIFAKE-CNN,45,gen_SD15,1000,0.728,0.838288,0.878,0.578
CIFAKE-CNN,45,gen_VQDM,1000,0.472,0.466446,0.366,0.578
CIFAKE-CNN,45,gen_Wukong,1000,0.738,0.8538739999999999,0.898,0.578
CIFAKE-CNN,46,A,2000,0.9455,0.98628,0.947,0.944
CIFAKE-CNN,46,gen_ADM,1000,0.466,0.46899,0.352,0.58
CIFAKE-CNN,46,gen_BigGAN,1000,0.448,0.43793000000000004,0.316,0.58
CIFAKE-CNN,46,gen_GLIDE,1000,0.518,0.52817,0.456,0.58
CIFAKE-CNN,46,gen_Midjourney,1000,0.513,0.523108,0.446,0.58
CIFAKE-CNN,46,gen_SD15,1000,0.729,0.835202,0.878,0.58
CIFAKE-CNN,46,gen_VQDM,1000,0.46,0.460534,0.34,0.58
CIFAKE-CNN,46,gen_Wukong,1000,0.736,0.8571439999999999,0.892,0.58
DSF-Net,42,A,2000,0.949,0.9897160000000002,0.981,0.917
DSF-Net,42,gen_ADM,1000,0.496,0.5024839999999999,0.562,0.43
DSF-Net,42,gen_BigGAN,1000,0.462,0.45079800000000003,0.494,0.43
DSF-Net,42,gen_GLIDE,1000,0.532,0.547464,0.634,0.43
DSF-Net,42,gen_Midjourney,1000,0.548,0.571458,0.666,0.43
DSF-Net,42,gen_SD15,1000,0.681,0.8080880000000001,0.932,0.43
DSF-Net,42,gen_VQDM,1000,0.503,0.508286,0.576,0.43
DSF-Net,42,gen_Wukong,1000,0.681,0.811724,0.932,0.43
DSF-Net,43,A,2000,0.9525,0.9890134999999999,0.946,0.959
DSF-Net,43,gen_ADM,1000,0.501,0.502296,0.356,0.646
DSF-Net,43,gen_BigGAN,1000,0.473,0.455332,0.3,0.646
DSF-Net,43,gen_GLIDE,1000,0.56,0.568432,0.474,0.646
DSF-Net,43,gen_Midjourney,1000,0.557,0.576842,0.468,0.646
DSF-Net,43,gen_SD15,1000,0.723,0.8056920000000001,0.8,0.646
DSF-Net,43,gen_VQDM,1000,0.503,0.5100159999999999,0.36,0.646
DSF-Net,43,gen_Wukong,1000,0.749,0.841586,0.852,0.646
DSF-Net,44,A,2000,0.955,0.9876085,0.949,0.961
DSF-Net,44,gen_ADM,1000,0.505,0.498152,0.352,0.658
DSF-Net,44,gen_BigGAN,1000,0.491,0.47158,0.324,0.658
DSF-Net,44,gen_GLIDE,1000,0.547,0.527444,0.436,0.658
DSF-Net,44,gen_Midjourney,1000,0.547,0.550416,0.436,0.658
DSF-Net,44,gen_SD15,1000,0.751,0.8297260000000001,0.844,0.658
DSF-Net,44,gen_VQDM,1000,0.533,0.539476,0.408,0.658
DSF-Net,44,gen_Wukong,1000,0.758,0.8319340000000001,0.858,0.658
DSF-Net,45,A,2000,0.956,0.990648,0.945,0.967
DSF-Net,45,gen_ADM,1000,0.517,0.514038,0.286,0.748
DSF-Net,45,gen_BigGAN,1000,0.5,0.511582,0.252,0.748
DSF-Net,45,gen_GLIDE,1000,0.558,0.570292,0.368,0.748
DSF-Net,45,gen_Midjourney,1000,0.559,0.575756,0.37,0.748
DSF-Net,45,gen_SD15,1000,0.753,0.830092,0.758,0.748
DSF-Net,45,gen_VQDM,1000,0.533,0.551482,0.318,0.748
DSF-Net,45,gen_Wukong,1000,0.76,0.834532,0.772,0.748
DSF-Net,46,A,2000,0.958,0.9909340000000001,0.971,0.945
DSF-Net,46,gen_ADM,1000,0.494,0.489442,0.502,0.486
DSF-Net,46,gen_BigGAN,1000,0.482,0.48243199999999997,0.478,0.486
DSF-Net,46,gen_GLIDE,1000,0.51,0.52335,0.534,0.486
DSF-Net,46,gen_Midjourney,1000,0.513,0.5372839999999999,0.54,0.486
DSF-Net,46,gen_SD15,1000,0.707,0.833202,0.928,0.486
DSF-Net,46,gen_VQDM,1000,0.492,0.5006740000000001,0.498,0.486
DSF-Net,46,gen_Wukong,1000,0.694,0.8151,0.902,0.486
ResNet-18,42,A,2000,0.963,0.992151,0.964,0.962
ResNet-18,42,gen_ADM,1000,0.471,0.48977000000000004,0.232,0.71
ResNet-18,42,gen_BigGAN,1000,0.508,0.506744,0.306,0.71
ResNet-18,42,gen_GLIDE,1000,0.577,0.6007819999999999,0.444,0.71
ResNet-18,42,gen_Midjourney,1000,0.569,0.594154,0.428,0.71
ResNet-18,42,gen_SD15,1000,0.77,0.8501780000000001,0.83,0.71
ResNet-18,42,gen_VQDM,1000,0.519,0.5451360000000001,0.328,0.71
ResNet-18,42,gen_Wukong,1000,0.782,0.86142,0.854,0.71
ResNet-18,43,A,2000,0.9735,0.994431,0.983,0.964
ResNet-18,43,gen_ADM,1000,0.489,0.503316,0.272,0.706
ResNet-18,43,gen_BigGAN,1000,0.493,0.489136,0.28,0.706
ResNet-18,43,gen_GLIDE,1000,0.575,0.6023240000000001,0.444,0.706
ResNet-18,43,gen_Midjourney,1000,0.576,0.598548,0.446,0.706
ResNet-18,43,gen_SD15,1000,0.774,0.8639939999999999,0.842,0.706
ResNet-18,43,gen_VQDM,1000,0.521,0.547722,0.336,0.706
ResNet-18,43,gen_Wukong,1000,0.779,0.8638879999999999,0.852,0.706
ResNet-18,44,A,2000,0.98,0.995621,0.983,0.977
ResNet-18,44,gen_ADM,1000,0.49,0.5032859999999999,0.252,0.728
ResNet-18,44,gen_BigGAN,1000,0.492,0.49260799999999993,0.256,0.728
ResNet-18,44,gen_GLIDE,1000,0.58,0.6004799999999999,0.432,0.728
ResNet-18,44,gen_Midjourney,1000,0.567,0.583952,0.406,0.728
ResNet-18,44,gen_SD15,1000,0.782,0.8528899999999999,0.836,0.728
ResNet-18,44,gen_VQDM,1000,0.516,0.5382680000000001,0.304,0.728
ResNet-18,44,gen_Wukong,1000,0.788,0.853712,0.848,0.728
ResNet-18,45,A,2000,0.9725,0.9945415,0.975,0.97
ResNet-18,45,gen_ADM,1000,0.493,0.512772,0.244,0.742
ResNet-18,45,gen_BigGAN,1000,0.487,0.500678,0.232,0.742
ResNet-18,45,gen_GLIDE,1000,0.565,0.595292,0.388,0.742
ResNet-18,45,gen_Midjourney,1000,0.564,0.6087659999999999,0.386,0.742
ResNet-18,45,gen_SD15,1000,0.781,0.8638520000000001,0.82,0.742
ResNet-18,45,gen_VQDM,1000,0.518,0.5414159999999999,0.294,0.742
ResNet-18,45,gen_Wukong,1000,0.791,0.871138,0.84,0.742
ResNet-18,46,A,2000,0.967,0.994574,0.979,0.955
ResNet-18,46,gen_ADM,1000,0.485,0.49392,0.348,0.622
ResNet-18,46,gen_BigGAN,1000,0.486,0.47895600000000005,0.35,0.622
ResNet-18,46,gen_GLIDE,1000,0.543,0.557014,0.464,0.622
ResNet-18,46,gen_Midjourney,1000,0.549,0.551616,0.476,0.622
ResNet-18,46,gen_SD15,1000,0.764,0.8517119999999999,0.906,0.622
ResNet-18,46,gen_VQDM,1000,0.496,0.495234,0.37,0.622
ResNet-18,46,gen_Wukong,1000,0.755,0.855274,0.888,0.622
